Email,Address,Avatar,Time on App,Time on Website,Length of Membership,Yearly Amount Spent
johnsonjoshua@example.org,"USS Green, FPO AE 59055",PaleVioletRed,12.09,37.51,2.7,608.5
jillrhodes@example.net,"9904 Schwartz Circle Apt. 742, Parksport, UT 15890",DeepPink,12.08,36.96,3.85,705.14
garzaanthony@example.org,"9332 Hernandez Summit Suite 687, Port John, WV 78595",FireBrick,11.74,38.28,4.45,738.24
jesseguzman@example.net,"785 Samantha Creek, Port Amyhaven, ID 75566",Black,13.18,36.66,0.11,498.55
jennifermiles@example.com,"8713 Davis Pass, Stokesmouth, DC 67773",SaddleBrown,11.49,36.95,3.39,646.65
shaneramirez@example.org,"740 Scott Alley, New Charles, NE 45659",PaleVioletRed,10.64,35.89,3.43,636.89
helenpeterson@example.org,"70462 Katie Stream, Brooksfurt, NV 49980",Crimson,10.42,33.79,3.09,570.48
susanrogers@example.org,"512 Rice Stream, Port Adam, AK 39608",Black,12.08,38.14,3.8,685.46
wdavis@example.net,"633 Reed Harbor Apt. 106, East Jamieville, PA 04901",Black,13.06,35.39,4.16,719.38
lindsay78@example.org,"06738 Karen Trail, East Williamport, IN 96382",Tomato,12.24,36.6,3.64,655.14
smiller@example.net,"42836 Hill Point Apt. 687, West Shellyfurt, WY 69243",SaddleBrown,11.68,37.57,3.13,637.24
barbara10@example.net,"2462 Allen Fork Suite 270, Faulknerside, NC 18076",DarkSlateBlue,12.46,32.83,4.13,711.57
kendragalloway@example.org,"51751 Brett Lane Apt. 139, South Jason, PW 44143",Coral,12.19,33.28,3.55,656.44
jamesshawn@example.com,"31739 Randy Garden, Kimberlyfurt, NH 70447",DarkGreen,12.83,36.4,3.27,673.45
mitchellclark@example.com,"5877 Leah Stravenue Suite 535, Robertshire, VI 29503",Chartreuse,13.33,37.91,2.19,575.55
lynchgeorge@example.net,"8996 Hernandez Isle, South Ashley, IA 65945",Coral,11.05,38.49,1.94,577.96
frankgray@example.net,"7772 Jackson Stravenue Suite 280, Port Melanieton, WV 01337",Violet,9.66,33.82,2.17,514.63
gabriellecameron@example.org,"20387 Brown Route, Hopkinstown, AL 70259",DarkGreen,11.65,38.27,3.78,664.51
lydiatrujillo@example.com,"84840 Drake Fall, North Alicebury, ID 81736",DarkGreen,10.98,36.51,3.42,629.8
carl95@example.org,"6156 Cunningham Square Apt. 410, South Nicholasside, NJ 07856",Orchid,12.83,35.23,2.02,556.72
pfoster@example.com,"76591 Jerry Ways, Nelsonland, TX 37250",White,11.28,35.7,4.15,693.5
josephwright@example.net,"PSC 9025, Box 0392, APO AP 52706",Goldenrod,10.12,38.6,4.87,707.93
julie69@example.com,"USNV Martin, FPO AE 74778",FireBrick,11.43,37.55,2.9,604.27
jeffrey28@example.com,"856 Krystal Spurs Apt. 850, South Jesseland, MA 79821",FireBrick,10.51,37.1,1.76,523.68
camposmichelle@example.org,"0477 Michael Lane Suite 296, Port Christinebury, VT 10135",Crimson,13.59,37.49,2.79,668.46
laurahenderson@example.org,"2655 Christopher Inlet, Wardview, CT 17868",DarkGreen,12.47,38.86,4.35,731.95
djames@example.net,"8886 Anthony Knoll Apt. 995, Smithchester, MS 11602",DeepPink,12.65,36.81,4.05,683.75
tasha01@example.net,"826 Dominic Hollow, Trevorland, GA 57474",DarkSlateBlue,12.54,37.11,2.58,622.89
kayla51@example.com,"1543 Wheeler Flat Suite 124, South Martinfurt, AS 43694",OliveDrab,12.84,39.28,5.02,765.52
amoore@example.net,"924 Morrison Square Apt. 752, Novakport, WA 91590",Crimson,13.13,36.34,4.85,727.91
teresa28@example.org,"6465 Sarah Flats, Lake Katrina, AK 95818",PaleVioletRed,11.46,38.24,2.77,633.85
meagan89@example.org,"4167 Cynthia Garden, Donnachester, WY 49913",MediumSeaGreen,10.58,35.99,2.76,588.82
nathanielmartin@example.net,"688 Stephens Turnpike Suite 891, Port Johnstad, GA 85304",PaleVioletRed,11.15,36.17,2.91,602.16
georgetracy@example.org,"6101 Walker Summit Apt. 756, Bartonshire, UT 66098",SlateGray,11.95,36.79,2.99,622.43
natasha43@example.org,"1461 Marie Stream, West Larry, NH 27615",Tomato,9.44,38.03,4.45,691.85
nataliearroyo@example.org,"1775 Kevin Valleys Apt. 051, Lake John, HI 72840",Turquoise,13.14,39.39,3.93,766.62
wcabrera@example.net,"3622 Foster Street Apt. 796, Smithborough, IL 36984",SlateGray,10.1,37.19,4.38,682.39
davidalvarez@example.net,"182 Nguyen Mount, West Emilyfort, NC 84270",MediumSeaGreen,12.6,34.0,4.17,681.95
josephbrennan@example.com,"691 Bell Mount Apt. 499, Lake Dennisville, IA 40527",Coral,11.83,38.26,5.21,763.51
sarahcampos@example.net,"286 Carlson Ports Suite 627, New Garrett, LA 18889",DeepPink,12.29,41.91,2.44,633.14
jenniferross@example.net,"050 Taylor Via Suite 887, Cohenchester, VT 58677",FireBrick,11.53,37.22,3.88,639.23
samuel87@example.org,"034 Joshua Plain, Garymouth, OK 97824",PaleVioletRed,12.22,33.58,1.33,521.84
jeffreymorgan@example.net,"819 Joseph Plains Suite 807, South Curtis, MP 86179",DarkGreen,11.53,37.34,2.18,579.79
briannasmith@example.net,"74517 Kimberly Freeway Apt. 959, Martinberg, WY 27583",SaddleBrown,11.44,36.99,3.43,664.25
perezrebecca@example.com,"584 Mario Squares, Keithview, PR 67926",FireBrick,11.1,36.83,3.92,684.61
palmerjoshua@example.com,"Unit 1260 Box 4223, DPO AE 93744",DarkSlateBlue,13.53,38.89,3.4,695.53
ambercummings@example.net,"672 Burton Lane, Jonesland, MO 68083",Turquoise,12.37,39.76,2.93,669.81
esanchez@example.com,"7590 Jessica Mount Suite 186, South Mallory, NM 35698",Orchid,12.21,38.37,3.11,678.2
clintonhopkins@example.com,"8929 Kramer Springs Apt. 017, North Sarahburgh, NV 60337",Tomato,11.12,36.73,4.87,723.74
ujenkins@example.org,"24241 Wright Landing Apt. 064, South Diana, VT 12976",SlateGray,11.77,39.25,3.12,649.79
brownjessica@example.org,"29387 Alan Junctions Apt. 627, East Patrickville, CT 41572",SaddleBrown,11.01,34.01,5.25,703.76
jamesherrera@example.org,"62218 Chelsey Expressway Suite 532, Jensenmouth, VI 28975",Tomato,11.51,35.57,4.29,668.89
dwhite@example.org,"19656 Moody Gateway, Deannabury, OH 79275",Coral,10.79,35.79,3.96,644.65
ramosmichelle@example.net,"043 Julie Hill Apt. 376, East Victorland, NC 02082",Chartreuse,13.59,36.94,2.31,613.2
williamsyvette@example.org,"Unit 5269 Box 6582, DPO AA 10068",White,11.24,38.01,4.44,689.6
housemelinda@example.org,"43006 Fuller Parkway, Hendersonfurt, CO 84457",Tomato,11.12,36.6,3.01,610.33
ntucker@example.com,"1418 Terri Drives, Peterland, ME 92077",SlateGray,10.67,35.19,2.31,546.56
martinaaron@example.com,"31617 Kyle Streets, North Alexander, DC 92447",DarkGreen,11.23,38.95,4.01,701.16
sara74@example.com,"8842 Martinez Tunnel Suite 105, Nelsonland, KS 93866",Coral,11.51,36.53,2.11,557.35
smoore@example.org,"Unit 1778 Box 5079, DPO AE 48694",White,11.95,37.2,2.74,580.0
rileyamy@example.net,"138 Bradley Wall, East Brandonstad, MS 20172",Tomato,11.35,38.1,3.49,653.88
brian97@example.net,"635 Robert Stravenue, Josephland, OK 49365",Turquoise,10.4,37.08,5.72,761.27
brianromero@example.org,"38061 Cline Trail, Markside, NH 01545",Goldenrod,10.49,37.09,2.81,576.0
larsonemma@example.org,"493 Richardson Park Apt. 832, South Andrewside, MI 83855",FireBrick,12.68,39.06,3.04,657.83
kwilson@example.org,"0641 Alyssa Freeway, Vasquezton, FL 93778",SaddleBrown,11.88,37.3,4.23,686.87
harveyrobert@example.net,"86571 William Route, Jonesshire, AR 57515",Turquoise,12.65,38.73,2.26,612.26
sarah35@example.org,"44565 Chavez Fort, East Derekshire, CT 20870",SaddleBrown,12.78,38.09,3.94,747.11
randy47@example.com,"5618 Oconnell Fords Suite 474, North Ericport, GU 92868",Goldenrod,12.15,41.03,4.71,728.46
smithchristine@example.net,"52135 Palmer Springs, Jorgeburgh, AK 53505",Teal,10.77,37.82,3.19,613.29
jonesjason@example.com,"71210 Maria Forges, East Madison, MN 90453",SlateGray,12.19,38.28,4.53,721.59
sarahibarra@example.org,"941 Wendy Flat, Lambland, MH 43957",FireBrick,13.4,39.2,3.79,710.0
justin78@example.net,"29667 Patrick Meadow Apt. 532, Joshuaberg, AZ 80993",Teal,11.55,37.13,2.77,623.15
cheryl80@example.net,"476 Brown Harbors, Taylorborough, SD 69420",MediumSeaGreen,12.34,35.72,3.3,656.71
sarah12@example.com,"5787 Durham Parkway, Paulburgh, AK 42296",FireBrick,11.99,36.05,3.12,644.93
prestonjulia@example.org,"0785 Terri Courts, Lake John, ND 97108",Teal,13.37,36.07,3.41,678.0
juan35@example.org,"652 Joel Island, Robintown, VT 92324",Violet,11.32,35.1,3.65,626.27
william40@example.org,"378 Thompson Camp, North Jessebury, AK 69503",PaleVioletRed,13.15,37.64,4.09,704.82
ccalderon@example.org,"325 Samantha Vista Suite 002, Port Daniel, NC 48327",MediumSeaGreen,11.62,35.74,4.01,687.92
kellie42@example.net,"USNV Bush, FPO AP 52352",Violet,11.31,37.39,1.07,504.73
barnold@example.net,"5226 Banks Extensions Suite 392, Parkerport, DC 23793",DarkGreen,12.11,36.68,3.4,673.68
rodriguezsierra@example.net,"029 Mccall Ridge Apt. 917, West Julie, IA 45958",SaddleBrown,12.34,36.92,1.99,580.27
amydavenport@example.net,"Unit 2157 Box 0433, DPO AP 09386",Black,13.91,38.11,3.22,669.5
russellwilliams@example.com,"006 Oconnor Expressway, Snyderfurt, MI 72069",Crimson,12.32,35.92,3.38,645.72
nolanjason@example.org,"327 Lauren Bypass Suite 054, North Matthewfurt, GA 96443",Orchid,12.19,38.28,4.48,737.3
gomezanita@example.com,"9970 Dunlap Expressway, Mooreville, MA 27442",SaddleBrown,13.6,40.13,3.47,716.44
sarayoung@example.org,"Unit 6884 Box 4431, DPO AE 51999",DarkSlateBlue,12.6,37.69,3.76,703.83
nicolejohnson@example.net,"05061 Colon Road Suite 310, East Danielle, CO 62572",DarkSlateBlue,11.36,35.44,4.29,671.15
kimberly63@example.com,"7741 Lopez Light Suite 270, Scottview, IN 35701",Violet,13.36,35.77,4.73,736.62
kristinrodriguez@example.org,"115 Arellano Radial, New Bruce, MS 68996",OliveDrab,11.26,36.5,3.38,632.5
dwalker@example.com,"374 Ralph Walk Apt. 898, North Stacy, NV 23160",White,11.35,35.81,3.59,668.32
lori33@example.org,"USNS Stanton, FPO AE 17040",PaleVioletRed,11.15,35.02,3.51,623.31
raymondramirez@example.org,"632 Flores Stream, North Paulfurt, OH 43247",MediumSeaGreen,11.06,37.31,2.96,617.09
michael86@example.net,"99861 Hernandez Port Apt. 191, Mikaylastad, FM 54357",PaleVioletRed,12.33,36.56,2.73,625.13
sheila14@example.org,"970 Joshua Divide Suite 065, North Julie, PW 35704",MediumSeaGreen,11.74,37.38,1.23,531.84
benjamin96@example.com,"PSC 0544, Box 4713, APO AE 39885",SaddleBrown,8.52,39.37,2.42,562.67
samuel81@example.com,"Unit 7546 Box 9137, DPO AE 53869",DarkGreen,11.73,36.53,1.72,568.98
jonathanfletcher@example.org,"82148 Taylor Vista Apt. 233, East Antonioton, PW 47736",Coral,11.48,34.63,4.76,704.18
michaeljones@example.net,"7861 John Overpass Suite 279, Maxview, WA 90790",Violet,12.89,36.2,3.69,653.7
cindy14@example.net,"0293 Deborah Springs, West Denise, NY 03129",Goldenrod,11.44,38.54,3.37,638.7
elizabeth56@example.net,"2290 Johnny Valley, Jenniferview, NE 49846",OliveDrab,14.54,38.35,2.78,675.64
angela36@example.net,"3748 Silva Avenue Suite 899, Kennethville, NJ 08868",DarkSlateBlue,13.4,38.04,3.53,689.48
lbyrd@example.net,"544 Lopez Path Apt. 096, Erintown, SD 65692",DarkGreen,11.61,35.75,2.65,624.59
richard04@example.com,"Unit 4666 Box 0993, DPO AA 95731",SaddleBrown,13.15,38.5,3.67,701.23
russellcarpenter@example.net,"584 Mary Wells Apt. 417, Lake Jonathan, AS 73774",DarkSlateBlue,12.53,38.95,3.75,704.82
steven73@example.net,"513 Walker Well, Robertmouth, MN 34653",Violet,12.23,35.61,2.64,609.29
yleon@example.net,"70999 Thomas Fields Apt. 684, Brownberg, DC 26754",DarkSlateBlue,12.8,36.92,2.62,617.61
donnacampbell@example.net,"52175 Lawrence Centers Apt. 743, New Kathy, NM 12040",OliveDrab,12.05,41.04,4.46,710.15
clarence34@example.org,"666 Reyes Camp Apt. 505, North Erica, SC 96655",FireBrick,12.24,35.52,3.45,653.06
dylanwilliams@example.com,"2168 Jackson View Apt. 447, Ryanberg, MA 64749",Turquoise,12.82,33.59,2.72,661.37
gibsonolivia@example.net,"60332 Jessica Radial, North Michael, SD 05398",DarkSlateBlue,14.05,39.77,3.13,673.98
jennifercruz@example.com,"909 Ebony Shoal Apt. 016, Jamesside, KS 62681",Violet,12.25,39.27,2.49,588.53
dylanwatts@example.org,"046 Elaine Groves, South Maria, CT 67555",OliveDrab,11.55,36.09,3.43,671.37
zrobinson@example.net,"1173 Kimberly Village, West Jade, LA 21521",Turquoise,9.97,36.77,4.33,679.31
pwilliams@example.org,"75300 Rebecca Village Suite 218, Lake Jenniferview, SD 30799",PaleVioletRed,13.96,34.55,3.47,688.13
danderson@example.net,"7012 Melissa Lake Suite 611, North Melissaburgh, MA 47362",MediumSeaGreen,11.74,37.18,5.86,817.88
stephanie79@example.net,"PSC 9415, Box 5216, APO AA 60340",FireBrick,12.53,39.33,3.92,695.16
jrivas@example.com,"762 David Stream Apt. 216, Phammouth, HI 80628",FireBrick,13.91,35.91,3.73,704.89
juliawells@example.com,"027 Rodriguez Loop Suite 014, Alexanderhaven, WI 97969",White,12.23,38.75,2.59,633.15
maryramirez@example.net,"588 Ryan Stream, South Michael, TX 84571",Teal,11.81,37.93,3.26,678.09
rsims@example.com,"28772 Karen Islands, West Tara, AR 66945",Crimson,13.42,38.16,2.72,629.9
reevesjimmy@example.com,"3177 Miller Parks Suite 517, North Richardton, OH 72472",PaleVioletRed,12.46,36.03,1.33,553.64
patricia12@example.org,"948 Diamond Motorway, Michaelton, GU 29719",Orchid,12.59,36.29,4.47,732.36
patrickhernandez@example.org,"997 Baldwin Crescent Apt. 305, Mariaport, OH 68918",DeepPink,10.48,33.31,2.99,582.83
perrymark@example.com,"27261 Carr Field, Port Philipmouth, GU 25480",Tomato,13.21,35.87,2.74,632.71
abrown@example.com,"0917 Barrett Parkways, South Adam, WA 06867",OliveDrab,12.38,39.33,3.71,671.01
gateskathy@example.com,"782 Jessica Crossroad Apt. 699, Williamfurt, MT 80323",PaleVioletRed,10.63,35.14,4.01,668.47
wsmith@example.com,"PSC 3465, Box 4722, APO AA 79475",Teal,12.49,35.44,3.18,630.92
acastaneda@example.net,"858 James Road Suite 522, Jenniferstad, OH 63464",FireBrick,9.94,38.28,3.5,608.8
tracynelson@example.com,"846 Alexandra Burg Suite 200, West Karen, GA 38068",Black,14.34,37.81,4.25,768.92
priceelizabeth@example.com,"43805 Garcia Ways, Lake Deborah, MS 31643",Tomato,10.9,38.38,3.14,635.09
marycalhoun@example.net,"066 Frye Spur Suite 800, Jamesmouth, MP 30064",Teal,13.61,34.67,3.8,699.93
meadowsbrittany@example.net,"PSC 5989, Box 3347, APO AE 89978",PaleVioletRed,11.19,42.13,1.84,586.02
millerroy@example.com,"816 Roy Point, Davidshire, PR 33926",Crimson,12.56,34.57,2.26,605.96
brentgray@example.org,"202 Carlson Trail Suite 798, Charlesmouth, NC 29331",Coral,11.09,37.31,4.11,699.26
wmurphy@example.com,"USS Hartman, FPO AE 55017",White,13.0,36.68,2.21,592.82
karen64@example.org,"53355 Carter Terrace Suite 801, Seanbury, AZ 89964",Teal,11.76,34.63,3.73,672.69
ismith@example.org,"64840 Robertson Pass Suite 704, West Willie, CT 22441",Chartreuse,12.47,36.26,3.35,660.01
jeffrey10@example.org,"Unit 8801 Box 3361, DPO AE 70985",DarkGreen,12.02,37.05,3.14,664.55
jamessmith@example.org,"120 Love Camp Apt. 102, Angelashire, GU 30338",DarkGreen,10.63,35.7,2.67,574.62
davidcaldwell@example.net,"PSC 6676, Box 6506, APO AP 16007",DeepPink,12.5,38.87,4.41,728.67
stevenscott@example.com,"901 Reilly Coves, Kristinport, PA 11839",Black,11.5,36.68,5.23,742.91
catherinestuart@example.net,"6072 Derek Lock Suite 245, New Nancyberg, DE 05976",PaleVioletRed,13.05,34.32,3.8,688.34
stricklandfrank@example.com,"814 Kaitlin Stream Suite 368, East Jack, RI 33628",Violet,11.76,34.15,3.82,667.37
lanesarah@example.net,"908 Newman Cliffs, Emilyview, CT 26376",Violet,11.92,38.21,2.82,630.88
tsanders@example.org,"5231 Harvey Fields Suite 775, Heatherberg, OK 74800",DeepPink,13.68,34.03,2.3,612.26
vargasmaria@example.org,"2053 Jennifer Row Suite 452, Nataliemouth, NV 47521",Teal,14.38,37.63,3.46,718.48
terrykevin@example.net,"129 Meagan Walks Apt. 834, Lake Charlestown, PR 66977",MediumSeaGreen,12.79,37.89,2.53,618.4
hoganashlee@example.org,"308 Stephens Plains Suite 256, Port Brittany, PR 38642",DarkSlateBlue,11.71,35.01,1.73,524.86
amanda51@example.net,"5803 Katherine Dam, Mooreshire, OK 86931",PaleVioletRed,11.63,38.78,4.3,695.22
alexander67@example.org,"750 Kathleen Fort, West Miketon, TN 27603",Chartreuse,11.18,33.56,4.35,692.2
oyu@example.com,"7700 Garcia Pike Suite 498, South Desiree, MN 77529",SaddleBrown,11.37,37.59,2.64,605.98
ryangross@example.net,"463 Gomez Ways, Tommyfort, FM 79696",MediumSeaGreen,11.73,36.92,3.74,640.92
christina87@example.com,"2318 Lewis Ferry, West Carolyn, GU 16010",OliveDrab,13.96,36.76,4.5,774.66
lpetersen@example.com,"1777 Brittany Rue Suite 030, New Brittany, DC 83016",Violet,11.8,34.64,3.71,684.78
melissa14@example.com,"24286 Natalie Stream, Staceyborough, NV 79999",Crimson,10.77,35.13,2.31,543.78
karenhudson@example.net,"Unit 7236 Box 9292, DPO AP 86962",White,12.04,40.24,3.27,668.09
frogers@example.com,"579 Jerry Lights, North Allen, NC 66608",DarkGreen,12.18,39.43,4.83,748.22
tonykelly@example.com,"127 Natalie Place, North Timothyberg, MH 79599",FireBrick,12.04,38.48,3.75,692.38
joshua94@example.net,"686 Golden Square, Perezfort, WY 50470",MediumSeaGreen,12.8,38.88,4.04,700.25
blackjames@example.org,"2473 Justin Wells, Scotttown, VT 97972",DeepPink,12.07,38.69,3.84,689.27
wfreeman@example.org,"063 Ortiz Coves, South Denise, KS 34750",Orchid,12.77,36.35,2.64,635.53
fbrewer@example.com,"594 Fischer Loop Suite 258, Kingport, OK 45636",Orchid,11.22,37.1,2.88,626.15
davisjeffrey@example.net,"213 Logan Estates Apt. 386, Laurenton, GA 51501",DeepPink,13.78,34.05,3.84,707.62
kevinperkins@example.com,"Unit 0127 Box 9611, DPO AA 29568",DarkGreen,12.25,36.82,4.32,708.08
ronald85@example.com,"669 Dawson Ranch, Port Lorifort, NV 01904",PaleVioletRed,12.4,39.37,4.6,721.94
qnelson@example.org,"09883 Emily Lake Apt. 021, Kimberlystad, TN 52293",Coral,11.22,35.68,2.64,574.85
griffithleslie@example.net,"011 Barber Points, Michaelview, IN 79978",DarkSlateBlue,12.47,39.05,3.93,698.62
jamesrodgers@example.com,"USCGC Spears, FPO AP 01110",Orchid,12.65,37.18,4.69,734.69
tina34@example.org,"181 Morgan Crescent Suite 894, Churchshire, NJ 32387",OliveDrab,10.83,34.23,2.51,564.42
harry08@example.org,"790 Wilson Cliff Suite 335, Moseshaven, ND 01775",Orchid,10.34,34.79,4.99,699.82
brandon08@example.com,"41651 Thomas Knoll Apt. 942, South Jillian, IA 96895",Orchid,12.29,38.84,5.14,775.98
danamullins@example.org,"33395 Kimberly Crest Apt. 790, Port Timothymouth, NM 75804",Orchid,11.51,38.11,6.13,831.29
andrewstaylor@example.com,"84639 Brian Union Suite 780, Phillipburgh, NH 16277",Coral,12.26,37.2,3.73,673.98
jack04@example.com,"0036 Mark Ridge Suite 284, West Thomas, RI 45471",Coral,10.71,36.45,3.74,624.88
shortrichard@example.org,"3655 Ramirez Falls Apt. 931, Lindaside, NE 50424",OliveDrab,10.44,37.42,4.33,669.99
hernandezlisa@example.com,"0267 Wendy Vista, Kristenport, KS 74181",Violet,12.21,38.76,4.3,729.56
mcknightdavid@example.com,"1203 Woods Roads, South Julieview, MN 47727",Violet,11.65,39.95,4.63,745.51
kimberlyjames@example.com,"0615 Barbara Run Apt. 455, Hamptonmouth, FM 10778",Crimson,9.89,40.05,4.28,686.16
michelle64@example.net,"2256 Sweeney Cliffs Apt. 253, Loganport, VT 35559",Coral,13.34,37.74,3.39,703.73
lynchjody@example.org,"7598 Gutierrez Ferry Apt. 234, East Garrettville, CT 08862",DarkGreen,10.69,36.66,4.72,702.65
josephmiller@example.org,"USCGC Kelley, FPO AE 52538",Chartreuse,14.57,37.29,2.43,679.44
andreamoore@example.com,"49216 Perez Street, Scottberg, DC 69542",Tomato,11.38,38.04,3.51,665.36
enorris@example.com,"55778 Dunn Dale, New Carla, SC 98662",Black,12.4,38.04,5.06,729.18
halljasmine@example.net,"845 Fernandez Valley Apt. 745, Greenport, AL 00513",Orchid,13.65,39.62,2.25,658.01
ojones@example.com,"4780 Arroyo Neck, Albertchester, AS 38894",Chartreuse,13.48,41.23,2.82,658.59
ronaldstephens@example.net,"536 Foster Estates, Claytonbury, KS 10883",OliveDrab,13.99,36.59,4.17,722.46
rebekahserrano@example.org,"944 Gutierrez Walk, East Derrickville, SC 60183",DeepPink,10.48,41.31,3.89,682.59
martinkyle@example.net,"973 Smith Causeway Apt. 214, Davidmouth, VA 01576",Coral,10.86,39.34,2.62,570.43
scott74@example.net,"73564 Bolton Mountain, West Christopherberg, AR 35432",Chartreuse,12.23,36.8,3.08,628.11
gbender@example.net,"723 Roth Village, North Theresabury, MS 58560",Black,12.84,40.0,2.32,644.29
mkim@example.org,"71837 Maldonado Inlet, Ericton, WA 72535",Goldenrod,11.99,40.37,4.48,743.8
mnavarro@example.com,"4350 Teresa Freeway Suite 502, Brendafurt, WY 32363",Goldenrod,10.36,36.08,3.24,619.47
davissuzanne@example.net,"792 Townsend Gateway, South Christopher, RI 44858",Violet,12.5,40.46,5.29,784.93
keyemily@example.com,"USS Brown, FPO AP 20675",MediumSeaGreen,11.81,39.15,3.58,648.66
hinesgregory@example.net,"73585 Quinn Brooks, Howardberg, KS 05676",Chartreuse,11.79,41.74,3.28,676.98
lmoon@example.net,"487 Ashley Plains Suite 574, North Amanda, NV 39255",Goldenrod,9.72,36.15,3.18,605.15
fwalters@example.org,"0862 Christine Lakes Apt. 518, Leefort, WI 72782",DarkSlateBlue,12.8,36.29,3.26,671.04
vbailey@example.com,"6511 Bradley Curve Apt. 031, Leeton, OK 84616",DeepPink,12.15,32.95,3.61,652.42
hodgemark@example.net,"994 Michael Rest Apt. 037, South Laurieton, MN 73641",Tomato,13.8,38.14,6.01,837.85
zroberts@example.net,"0948 Jessica Village Suite 138, North Jessicaside, MS 25333",Crimson,11.93,37.75,3.16,678.5
gibsonleonard@example.com,"288 Reese Trafficway, Emilychester, FM 14145",DarkSlateBlue,12.57,35.87,3.19,654.51
cordovarichard@example.net,"685 Amanda Rapid, Mahoneymouth, OH 43054",Crimson,12.83,36.84,3.57,677.15
sandovalamy@example.com,"659 Anna Forest Suite 845, Westfurt, AL 95700",DeepPink,10.25,34.38,4.59,674.84
lopezmichael@example.com,"082 Smith Forges Apt. 504, North Benjamin, MI 20962",PaleVioletRed,14.62,39.4,2.08,641.3
nwolf@example.com,"334 Davis Locks Apt. 157, South Margaret, UT 92624",DeepPink,11.57,36.02,3.96,689.84
sarakim@example.net,"409 Miller Centers, Michaelchester, MT 16300",MediumSeaGreen,12.49,43.19,2.68,654.63
omartinez@example.net,"906 Kevin Canyon, Amberberg, MD 66351",Violet,12.64,36.65,4.05,717.13
jennifercollins@example.org,"67998 Jeffrey Highway, Hernandezmouth, CO 62872",SaddleBrown,11.19,35.48,3.01,608.75
hdavis@example.com,"641 Shaw Trail, Port Dennis, OH 26467",PaleVioletRed,13.85,36.18,1.2,552.89
hollanderic@example.net,"983 Charles Trail, Morrisshire, CO 15250",SlateGray,12.27,34.18,3.87,682.99
william46@example.com,"5355 Kayla Extension Suite 979, South Brady, GU 31104",SaddleBrown,11.79,37.96,3.86,691.27
jsanchez@example.org,"11039 Misty Viaduct Suite 051, Shannontown, MA 27896",Violet,12.14,36.16,2.92,621.28
mlee@example.net,"88487 Heather Skyway, South Brandyhaven, AZ 33984",Black,12.76,39.26,2.86,637.06
michellehill@example.com,"94070 Paul Groves Suite 104, Hallfurt, NY 93521",SlateGray,12.01,36.45,2.19,583.91
sarah84@example.org,"9812 Vincent Mount Apt. 038, Matthewfurt, WA 21079",White,12.88,39.77,4.27,739.04
jessica99@example.net,"4384 Connie Wells Suite 084, East Matthew, MO 86606",DarkSlateBlue,10.32,38.51,4.38,678.49
cgrimes@example.net,"936 Ashley Meadow Suite 957, East Denise, OR 71457",PaleVioletRed,11.25,37.06,2.62,579.95
jreed@example.net,"48262 Lonnie Point, East Lonnieberg, VA 04365",Goldenrod,9.86,40.16,2.96,606.79
ugibson@example.org,"4742 Daniel Ferry Apt. 994, New Jesse, TX 03919",Goldenrod,14.0,38.9,3.44,713.92
ashleyhall@example.com,"89752 Henry Dam Apt. 330, Durantown, KY 54639",DeepPink,13.98,42.89,5.77,859.99
floresthomas@example.com,"12797 Delacruz Gateway, Sullivanton, PA 96882",Orchid,12.63,36.18,4.05,692.45
ymcneil@example.net,"9998 Abigail Mission Suite 038, Terrellton, OH 51278",Coral,10.99,37.15,2.56,571.46
tylerjohnson@example.net,"47644 Jackson Hill, Lake Zacharyberg, NH 85186",Violet,14.39,40.14,3.8,747.45
molly71@example.net,"98266 Hayes Fall, Garzaborough, FM 60097",Goldenrod,11.4,33.91,2.12,537.82
jsmith@example.com,"211 Jasmin Roads Suite 186, South Andrea, AZ 22899",DarkGreen,11.79,39.63,4.22,745.6
charlesharrington@example.com,"PSC 9222, Box 2064, APO AA 96204",OliveDrab,12.16,37.88,5.18,761.96
cindy61@example.com,"2123 Cindy Glen Apt. 777, New Nicolebury, IL 77684",OliveDrab,12.45,35.22,5.18,724.56
ofinley@example.net,"7199 John Plaza Suite 983, East Eddiestad, AZ 19555",MediumSeaGreen,12.64,34.27,4.23,702.89
cbrennan@example.net,"1016 Evan Haven Apt. 795, North Kaylamouth, MN 50169",MediumSeaGreen,12.68,35.66,2.92,630.85
younggabrielle@example.com,"147 David Wall Suite 586, Lake Jason, AR 14827",DarkSlateBlue,11.86,32.43,2.2,572.88
juliehamilton@example.org,"9469 Green Ports, Sarashire, NM 68619",Crimson,12.67,36.02,2.1,588.78
wallaceheather@example.org,"2934 Aaron Burg Suite 139, Gutierrezmouth, MI 73955",Goldenrod,11.81,38.25,0.69,481.56
nguyenbrian@example.com,"34414 Hunter Islands, North Ginamouth, MO 95449",Goldenrod,12.58,36.05,4.19,704.16
ryan38@example.com,"35577 Debbie Orchard, Lake Steven, VI 70882",DarkSlateBlue,12.5,39.78,3.4,682.57
georgemiller@example.com,"PSC 7608, Box 4958, APO AP 02954",DeepPink,12.76,40.32,4.41,713.94
tyleraguilar@example.org,"1240 Terrell Road Apt. 996, New Darryl, WY 99006",Violet,12.64,39.55,4.93,791.28
dlittle@example.com,"046 Tyler Freeway Suite 743, Gregorystad, WY 05402",DeepPink,11.56,37.46,3.6,646.98
nolansteven@example.com,"8078 James Orchard, Kimberlyberg, WI 13379",Black,12.46,32.35,3.65,675.94
charleslandry@example.net,"07681 Larry Cape, West Steventon, CT 68734",Orchid,12.65,35.59,3.04,644.06
danielle64@example.com,"94353 Justin Place Suite 714, East Joshua, AL 82151",SaddleBrown,10.71,36.72,3.15,621.44
james67@example.org,"85854 Sherry Unions, Audreyburgh, CA 41313",Tomato,11.73,35.21,4.23,706.53
patrickhoward@example.com,"702 Thomas Spring Apt. 160, South Philipshire, SC 90957",Chartreuse,12.61,36.72,3.33,668.9
andrew64@example.org,"5381 Bradley Course Suite 174, Ruizbury, FL 81364",SaddleBrown,13.71,40.22,3.18,701.24
lozanojulie@example.com,"2557 Johnson Mountains Apt. 577, West Katrina, PA 75825",DeepPink,12.82,33.71,3.48,656.47
catherinegomez@example.net,"1581 Patel Locks, Allenbury, OH 21344",DarkSlateBlue,13.77,40.62,4.39,772.33
christinebyrd@example.net,"Unit 6153 Box 9669, DPO AA 71873",Goldenrod,11.6,38.77,2.81,610.51
courtneyberger@example.net,"197 Brittany Mountain, Angelamouth, HI 40875",DarkSlateBlue,12.25,37.54,3.43,658.54
parkerscott@example.net,"USS George, FPO AP 78673",SlateGray,12.81,35.57,3.75,713.17
jessica14@example.com,"7013 Paige Throughway Apt. 227, Petershire, NV 26147",Turquoise,9.67,35.25,4.66,662.22
ithompson@example.net,"9465 Brandi Ridge Suite 240, Rachelton, AL 92691",SlateGray,13.51,33.75,3.26,661.91
alyssa42@example.com,"40369 Garrett Station Suite 666, Lake Glenn, DC 25172",Coral,10.14,40.43,2.78,598.58
scoffey@example.net,"2422 Charles Brook Apt. 762, East Dawnchester, VI 60273",DarkSlateBlue,13.0,40.08,3.02,661.59
linda71@example.org,"PSC 9692, Box 7868, APO AA 50926",Goldenrod,12.69,34.19,4.55,730.57
michelleramsey@example.com,"9097 Jennifer Grove, Houseshire, MN 04886",MediumSeaGreen,9.66,35.89,5.53,738.53
christopher60@example.com,"Unit 9751 Box 9712, DPO AP 96353",Tomato,9.71,37.87,2.19,525.84
gibsonemily@example.net,"8189 John Roads Apt. 894, West Amandatown, NJ 60012",Violet,13.43,36.4,2.4,621.46
brenda51@example.net,"565 Roberts Camp Suite 940, Laneshire, AR 86526",Tomato,13.21,33.16,3.33,638.74
thomasharvey@example.net,"Unit 9047 Box 1281, DPO AA 33537",Violet,11.12,35.68,3.61,654.29
rose31@example.net,"4019 Renee Streets Apt. 752, Kimberlybury, NM 24200",Turquoise,11.12,40.9,4.29,711.74
tblankenship@example.net,"1292 Mullins Loop, Youngmouth, VA 84069",Goldenrod,12.51,35.82,2.61,612.12
cwilson@example.org,"41027 Alvarez Mountains Apt. 667, Dustinchester, AL 38353",DeepPink,11.99,36.67,2.44,604.21
wendy11@example.org,"PSC 7658, Box 0185, APO AA 80518",SaddleBrown,13.05,34.71,3.64,673.79
paulwatson@example.net,"PSC 4544, Box 1496, APO AA 89012",PaleVioletRed,12.48,38.18,3.24,673.68
umatthews@example.org,"525 Emily Village, North Roberthaven, CT 90350",DarkSlateBlue,13.58,37.23,4.43,734.19
fpena@example.net,"443 Andrew Course, New Dianeborough, PA 84135",Orchid,12.97,35.52,3.99,722.4
rcrosby@example.org,"92692 Heather Glen, Stevenland, SC 59934",Violet,12.72,34.39,4.06,686.43
jeff73@example.com,"PSC 4654, Box 2140, APO AA 51434",Goldenrod,11.65,39.81,3.4,635.29
pollardmichael@example.net,"4271 Krause Flats, Whitefort, CT 19358",DarkGreen,11.57,33.79,5.86,771.84
bruce43@example.org,"91741 Charles Ports Suite 707, Lake Danielle, AZ 87612",Crimson,11.95,38.01,2.66,607.11
ndavis@example.net,"569 Zachary Trail, Mendozafurt, PR 95890",Turquoise,13.84,32.69,4.11,706.89
williamsmatthew@example.org,"306 Martinez Plain, Mathewport, MO 07735",Chartreuse,11.59,38.41,2.23,586.24
caseyhubbard@example.org,"8517 Holland Fall, South Donnaport, UT 51632",Chartreuse,12.26,38.94,2.43,626.97
lisahall@example.org,"PSC 5717, Box 3203, APO AE 94838",Teal,9.76,39.19,2.89,586.74
ramireztracey@example.org,"Unit 3761 Box 8478, DPO AA 02652",Crimson,12.68,36.68,5.13,759.29
lauren10@example.org,"0613 Bentley Ways, Lake Beth, CA 05334",SaddleBrown,14.26,40.17,3.76,719.92
howardkristina@example.net,"079 John Run Apt. 020, Loriville, NH 80615",Coral,11.07,41.62,2.91,621.95
alfred40@example.org,"17993 Linda Meadow, Lisafurt, MD 16334",Violet,15.17,36.36,3.87,714.42
vfox@example.org,"Unit 9825 Box 3092, DPO AA 08787",FireBrick,12.18,36.1,3.54,650.37
xwest@example.net,"2582 Sanchez Prairie, East Craigfurt, WI 21178",Violet,9.43,37.3,3.01,599.18
hayesjeffrey@example.net,"00219 Butler Valley Suite 232, Alexandrachester, IA 23379",OliveDrab,11.61,36.04,2.1,551.36
acostaregina@example.net,"279 Courtney Tunnel, Michaeltown, OH 31386",Goldenrod,13.33,35.75,4.94,776.11
stephen00@example.com,"588 Steven Road, West Brian, DE 20059",Crimson,14.0,35.93,3.71,688.81
gsimmons@example.com,"2200 Mitchell Mews Suite 597, North Joyside, HI 21216",Tomato,12.72,40.43,5.67,848.51
fjones@example.com,"113 Watkins Islands Suite 353, West Jeremybury, WA 54580",DarkSlateBlue,13.57,38.54,4.44,783.05
cameronhill@example.net,"17970 Thomas Ridge Suite 265, South Jennifer, SC 47502",Orchid,10.82,36.04,4.05,673.58
oscar98@example.com,"Unit 3520 Box 9042, DPO AE 61519",Orchid,11.32,32.09,3.06,625.6
bwagner@example.org,"3492 Belinda Plaza, North Robert, NC 64623",DarkGreen,10.32,33.91,2.4,550.58
farrelldebra@example.net,"774 Jessica Street, East Mark, OR 29652",Turquoise,11.39,38.01,3.28,651.4
russellbeasley@example.com,"060 Vickie Street, South Amandafort, AS 91812",Chartreuse,12.76,32.76,2.38,605.49
maria66@example.net,"3180 Dodson Curve Suite 431, South Elizabethburgh, VT 60700",DarkSlateBlue,12.21,37.59,4.15,708.89
edwardslarry@example.com,"7262 Sims Squares, Port Courtneyfurt, MH 91039",MediumSeaGreen,12.87,34.87,5.13,741.37
stephanie71@example.org,"6498 Kristin Common, Jillton, NY 88929",OliveDrab,11.06,37.18,3.24,638.37
daviscolin@example.net,"65790 Richardson Rue, New Jennaborough, DC 44400",Orchid,11.12,37.13,4.44,692.72
lisa80@example.net,"793 Luke Grove, Ramirezland, MN 45750",Turquoise,12.2,37.24,2.81,617.98
elizabeth65@example.net,"8847 Marsh Square, East Patriciamouth, CO 11009",DarkSlateBlue,11.4,36.21,3.2,630.32
uparrish@example.org,"1124 Heidi Parks, Port James, SC 03475",Violet,13.3,36.15,2.69,641.36
caroline51@example.net,"5670 Lopez Brooks, Port Stacey, SD 44525",DeepPink,11.37,35.56,1.37,514.51
ericolson@example.org,"579 Ellis Port Apt. 424, South Nathan, LA 06703",Violet,11.5,37.97,3.46,662.28
megan51@example.com,"2928 White Extensions Apt. 231, West Autumnmouth, KS 48954",DarkSlateBlue,12.42,38.61,3.63,673.53
lindsaybruce@example.net,"552 West Estates, Davidtown, MO 65960",SlateGray,11.61,34.56,4.57,703.34
lynchdiane@example.net,"2088 Holland Hill Suite 492, Morganville, VA 63282",White,10.77,36.9,4.3,695.25
anthony44@example.com,"PSC 2814, Box 0693, APO AA 47345",DarkSlateBlue,10.9,37.39,4.31,715.11
adam29@example.net,"398 Kimberly Trafficway, Jamesland, ND 58888",SaddleBrown,12.54,37.37,2.53,646.05
vjones@example.net,"637 Morrison Pass, Lake Michaelberg, VT 56552",Turquoise,10.64,37.33,3.96,668.56
davisalyssa@example.com,"45547 Jason Mills Suite 742, Chandlerchester, DC 77463",SlateGray,13.4,36.2,5.08,791.48
kchavez@example.com,"47851 Davis Lodge, Robertside, NH 93594",FireBrick,11.31,37.56,3.88,701.5
jennifer99@example.org,"26487 Mackenzie Hollow, Troymouth, IN 04018",Coral,12.62,38.24,5.33,778.16
moorekaren@example.org,"4714 White Spurs, North David, KY 65126",White,11.37,37.28,5.52,779.39
nelsonebony@example.com,"Unit 1959 Box 7964, DPO AP 90404",Coral,11.08,38.01,3.23,642.17
nperry@example.net,"8904 Bonnie Drive, Stevenberg, MI 21906",Orchid,12.25,38.98,2.8,654.73
reeddaniel@example.net,"5044 Willie Trafficway Apt. 192, Moniqueport, KY 90343",SaddleBrown,13.05,33.3,2.74,599.78
trose@example.org,"89520 April Landing Suite 652, East Ericbury, MP 25197",Violet,11.75,38.89,1.98,559.43
randallgreene@example.org,"7112 Timothy Inlet, Donmouth, FM 78836",MediumSeaGreen,11.93,37.68,2.98,631.33
kevinclark@example.org,"40132 Hailey Inlet Apt. 321, Vazquezville, CA 02965",Black,12.81,34.78,4.71,743.16
keith10@example.com,"31089 Taylor Glen Apt. 140, Port Davidborough, OR 26718",Goldenrod,12.84,38.6,1.3,569.44
ythompson@example.net,"12495 Martin Parkway Apt. 891, Port Belindatown, NC 28943",PaleVioletRed,11.96,36.2,2.46,600.76
vincentwhitaker@example.com,"80138 Richardson Radial Apt. 712, Tinachester, IL 67904",White,11.56,36.48,3.37,638.61
sandersjudy@example.com,"1718 Tyler Lake, Angelaton, CO 43507",DarkSlateBlue,12.08,35.98,2.62,610.19
stevenschristian@example.com,"7947 Angela Highway Suite 317, Harryfort, TX 14286",SlateGray,11.81,37.6,2.97,632.08
tberry@example.net,"26691 Calvin Flat, Jamesfurt, DE 31023",Teal,12.31,35.43,2.99,653.84
zroberts@example.org,"9946 Alvarez Rapids Suite 784, Port Shawn, DE 33359",PaleVioletRed,10.81,38.8,3.24,632.16
george97@example.net,"201 Maria Parks, East Patrickmouth, FL 40183",Tomato,12.28,36.72,2.77,614.64
christopher13@example.com,"87734 Henry Green, Lisaside, ND 02817",Teal,11.28,36.27,2.69,600.06
zwarren@example.com,"USS Ewing, FPO AE 50784",DeepPink,12.91,38.51,4.43,744.68
jeffrey21@example.net,"7002 Dyer Expressway Suite 624, Freemanville, OK 88977",Violet,11.33,36.36,4.55,682.77
schmidtjames@example.com,"8280 Baker Ramp Suite 954, Bryanshire, AZ 17304",SaddleBrown,11.34,38.9,2.12,573.31
jessica23@example.org,"905 Davis Key Suite 650, East Jimmy, ME 78165",Turquoise,12.45,38.96,0.74,511.62
jonathanthompson@example.org,"1520 Johnson Shoals, Bradleychester, KY 03175",Goldenrod,12.01,34.33,4.56,702.58
thompsonkendra@example.com,"6965 Lindsey Courts, West Tyler, AS 87976",Turquoise,14.28,39.22,2.27,658.43
wwebster@example.net,"6371 Karl Causeway Suite 963, Lake Meganville, OR 44651",DarkGreen,10.37,34.08,3.71,613.77
kmaldonado@example.net,"3514 Reynolds Plains Suite 366, Colleenmouth, TN 72271",Crimson,12.11,39.34,1.93,586.81
michelle52@example.com,"829 Lewis View, Adamsside, AS 81034",FireBrick,13.13,41.06,4.8,778.52
harrisoncrystal@example.com,"083 Ford Garden Apt. 466, Michelleland, SC 27181",Coral,11.42,38.75,6.04,811.42
bellcharles@example.com,"2493 Allen Drive Apt. 034, Washingtonchester, NE 85294",Coral,11.09,32.69,3.68,637.36
xjohnson@example.com,"PSC 3242, Box 0448, APO AE 84949",Crimson,11.13,39.13,3.41,627.96
newmantiffany@example.org,"01594 Rachel Lodge Suite 162, North Ashley, NY 16313",Orchid,10.39,41.49,3.18,633.77
jford@example.net,"1391 Murphy Prairie Suite 363, North Gregory, KY 58103",DeepPink,13.35,36.39,4.28,765.21
colelisa@example.net,"8515 Wells Gateway, Natashaberg, MN 62789",White,11.67,36.93,4.07,663.77
marcalvarez@example.org,"90034 Parker Squares Suite 183, Pricefurt, PW 33994",Chartreuse,11.55,34.62,4.5,698.5
hayeslisa@example.com,"3275 Mccormick Harbor, Port Kimberlyfort, NJ 97093",FireBrick,9.88,37.62,2.87,599.81
wagnergerald@example.org,"612 Hunter Knoll Suite 985, Nealton, SD 84595",Black,10.57,39.54,3.84,668.95
hritter@example.net,"206 Courtney Island Apt. 123, Port Brooke, MT 42365",OliveDrab,13.47,38.4,2.96,674.06
michaelhardin@example.com,"2954 Christopher Land, South Nancy, MP 75263",Violet,12.3,43.28,2.44,598.38
rschroeder@example.net,"931 Gonzalez Squares, North Richard, NE 79195",SaddleBrown,13.17,37.07,3.46,690.17
mccormickdeborah@example.org,"2910 Ayala Motorway, Wilsonborough, ID 35392",DarkGreen,13.04,33.74,2.58,597.72
cody64@example.com,"2639 Wanda Haven Apt. 626, North Kelly, KS 31366",DarkGreen,11.0,37.34,4.67,716.77
mathewaguilar@example.org,"9710 Anderson Islands, Mcdanielfurt, VT 55982",OliveDrab,14.43,32.17,2.64,632.28
kyle62@example.net,"18005 Thomas Knoll Apt. 048, Turnerfurt, TN 49115",PaleVioletRed,13.95,35.93,3.86,749.65
collinsnicholas@example.com,"242 Conrad Wells, Andersonmouth, VT 70024",Tomato,11.44,40.25,2.9,636.96
elizabethcalderon@example.net,"50274 Howe Haven Suite 948, Ryanburgh, MD 97083",Chartreuse,8.43,37.65,3.78,606.82
lucasrodney@example.com,"Unit 2870 Box 3203, DPO AE 05201",Teal,11.64,37.36,2.98,600.58
coxhenry@example.org,"761 Williams Knolls, Ellisville, PR 94841",DeepPink,12.24,40.64,2.24,609.36
stacey73@example.org,"1342 Karen View, Annashire, IL 76987",FireBrick,11.43,36.46,3.98,687.31
ericphillips@example.org,"Unit 0892 Box 6137, DPO AP 12861",DarkSlateBlue,11.78,39.52,3.26,652.85
stanleynancy@example.net,"1659 Mary Drives, North Stevefort, NH 82860",SaddleBrown,11.17,37.26,3.79,654.29
carlamoore@example.org,"USS Rivera, FPO AE 86506",DeepPink,12.92,37.76,3.07,647.91
jenniferwilliams@example.com,"9230 Morris Centers Apt. 896, South Jonathanbury, WI 52787",Goldenrod,12.06,34.57,2.17,577.45
tarabishop@example.net,"66421 Henry Meadows, Rebeccaberg, MI 87732",Teal,12.95,36.04,4.58,750.59
pyoung@example.com,"377 Alvarez Port Suite 165, South Crystal, CO 05801",SlateGray,13.22,34.2,4.24,735.09
mmckee@example.com,"327 Kelly Mews Apt. 742, Lake Rebecca, MP 33092",White,9.83,36.81,2.93,566.62
smurray@example.com,"081 William Pass Suite 617, Michaelshire, CO 66488",Crimson,11.23,37.78,3.57,660.57
mburch@example.net,"26016 Edwards Stream Suite 794, Tammyburgh, IL 24760",Orchid,11.38,34.78,4.54,697.11
moniquewilliams@example.com,"168 Adam Crescent Apt. 277, Meltonfort, ME 81568",Crimson,14.57,41.1,3.04,703.11
angela18@example.org,"641 Derek Field Apt. 030, South Deborah, SD 32191",OliveDrab,12.15,37.56,3.2,653.68
christopher24@example.com,"47276 Darren Drives, Maynardfort, AK 59419",MediumSeaGreen,12.81,37.12,3.74,697.56
mariahdavis@example.org,"9605 Curtis Vista, Pettyfort, WA 76347",DarkGreen,10.12,38.54,3.04,610.47
bwilkerson@example.com,"76789 Hall Circle Apt. 695, West Patriciachester, FM 62542",Violet,12.14,35.34,4.36,690.14
sandersnathaniel@example.com,"6024 Taylor Mill Apt. 839, Sandramouth, DC 38956",Violet,12.98,37.33,3.33,659.82
brooksanthony@example.org,"5729 Justin Summit Apt. 722, East Catherine, CT 55024",FireBrick,12.86,35.57,2.72,645.32
lacey20@example.com,"USCGC Torres, FPO AE 73485",Coral,12.62,40.12,4.11,721.26
ihorton@example.net,"4522 Lindsay Junction, Wilsonbury, DE 74161",Goldenrod,12.01,34.88,2.36,585.74
awest@example.org,"5084 Melissa Well Apt. 077, North Kimberlyville, GU 74225",SaddleBrown,12.06,37.13,5.51,798.58
scottmary@example.net,"13524 Gill Parks, East Deborahmouth, GU 18559",Teal,10.31,37.66,5.08,731.33
srodriguez@example.org,"6037 Mitchell Extension, West Nathanchester, MN 83003",Violet,11.1,37.79,4.01,684.95
david36@example.net,"632 Gutierrez Lodge, Cranehaven, WY 89918",Goldenrod,12.23,35.84,3.93,697.99
fbrown@example.net,"2081 Matthew Locks, South Bryan, WV 05362",PaleVioletRed,11.28,35.21,3.88,627.92
chenbailey@example.net,"084 Morales Springs, Jennifermouth, PW 45610",OliveDrab,12.69,35.87,3.01,631.41
kellysmith@example.com,"926 Schneider Plains Suite 563, Christopherside, MA 51618",DarkSlateBlue,12.47,38.06,3.8,699.49
ashleylopez@example.net,"843 William Inlet, Katherineburgh, AK 04156",DarkGreen,13.37,36.71,2.58,651.34
millsmichael@example.net,"46810 Green Parkways Suite 101, Evanstown, NH 44931",Goldenrod,12.96,38.59,4.0,718.35
myerstheodore@example.net,"Unit 9989 Box 3544, DPO AP 94198",Crimson,12.23,37.95,4.37,708.72
qzavala@example.net,"683 Mark Prairie, Port Kimberly, NH 13344",OliveDrab,12.75,32.45,3.12,617.23
kellycarlos@example.org,"1106 Thomas Mission Apt. 586, Wigginsshire, NM 83923",Turquoise,13.01,37.49,2.9,660.13
ingramjill@example.com,"762 William Oval Suite 288, Lake Jasonfort, AZ 98345",OliveDrab,11.49,41.5,2.29,596.34
bradleypayne@example.net,"96115 Williams Drives Apt. 545, Kellytown, WY 19227",FireBrick,11.67,39.65,4.96,754.04
mariacohen@example.net,"44327 David Keys Apt. 067, Arielmouth, WY 49955",Orchid,11.9,37.84,2.98,640.57
zwelch@example.org,"87772 Davis Road, Hughesfurt, MA 71410",Turquoise,11.52,34.88,3.3,584.45
baldwinsherry@example.org,"412 Ashley Underpass Suite 818, East Stephanieside, OK 99803",DeepPink,13.02,37.96,3.8,733.1
james30@example.com,"8018 Suzanne Harbor, East Maria, MP 76464",OliveDrab,11.37,38.48,3.78,660.82
zachary87@example.com,"9070 Kim Mall Apt. 856, Christopherville, ND 22541",DarkGreen,13.25,36.49,4.25,730.92
mullinsjames@example.com,"1246 Brian Islands, North Jennifer, ME 51611",Goldenrod,11.63,37.63,3.12,607.5
glennmartin@example.org,"5461 James Terrace, South William, NY 50970",Goldenrod,12.47,40.02,2.36,609.89
samuel67@example.com,"USNV Brown, FPO AA 72999",PaleVioletRed,12.17,35.29,2.19,594.61
terri77@example.com,"63048 John Point Apt. 496, Millerhaven, IL 19161",Tomato,11.02,34.88,2.92,566.4
laurie61@example.com,"86870 Lisa Village, Deniseburgh, AL 08388",Violet,11.98,38.39,2.55,626.31
amymorris@example.org,"USCGC Nelson, FPO AA 89629",OliveDrab,12.33,37.92,3.2,648.93
donna47@example.net,"398 Williams Streets Apt. 416, Port Donaldside, KY 57119",White,11.94,39.06,4.81,754.76
cjackson@example.com,"547 Sanchez Islands Suite 379, Allenberg, SD 00769",OliveDrab,10.66,38.14,3.12,626.07
wwilliams@example.net,"26876 Kristin Run, New Anthonymouth, TX 16677",Tomato,13.7,35.86,3.12,672.31
yhill@example.org,"562 David Land Apt. 703, Port Juanstad, ID 12293",Coral,12.09,37.86,3.48,652.12
lambertrichard@example.net,"337 Johnson Park Apt. 036, Port Joshuahaven, NM 22845",DeepPink,11.21,34.72,3.09,602.89
stephaniethomas@example.net,"92124 Nicole Stream, Jamestown, UT 89333",White,13.62,36.5,3.43,663.95
ejohnson@example.org,"870 Davidson Run Apt. 566, Davidhaven, NH 65456",Crimson,12.62,38.01,4.04,717.2
michael90@example.net,"304 Patel Island, South Jamesland, FM 75450",Violet,10.8,36.28,4.38,711.01
erikarush@example.com,"613 Frank Inlet, Lake Colleentown, NJ 57117",OliveDrab,10.96,41.94,4.5,696.62
khines@example.org,"3173 Wall View Suite 831, Duranmouth, OR 16862",Teal,11.78,33.22,5.56,748.62
raymond43@example.org,"65120 Brown Ridge, Joneston, OH 07343",Tomato,12.3,35.91,4.07,691.91
fitzgeraldvictor@example.com,"1963 Shawn Mountain Suite 991, Debratown, NH 68293",Goldenrod,12.62,35.12,5.73,799.75
greenjorge@example.com,"10919 Rebecca Crossroad, Michaelfort, VA 81877",Goldenrod,12.95,35.6,2.72,638.6
wendymitchell@example.com,"00249 Palmer Run, Larryside, WI 19588",Coral,12.54,35.71,5.59,787.56
davidfarrell@example.com,"545 Zachary Shoals Apt. 038, South Mauriceborough, SC 26880",Orchid,13.35,34.35,3.12,646.11
rachelwallace@example.org,"77959 Jensen Manor Suite 217, South Jeffreytown, SC 29733",DeepPink,12.13,38.51,3.22,669.69
elizabeth18@example.net,"337 Aguirre Lane Apt. 620, Alejandrostad, AK 73205",DarkGreen,11.24,35.91,3.38,642.07
patricia22@example.com,"3950 James Haven Apt. 342, Melaniebury, HI 26189",SlateGray,12.0,37.33,3.28,656.54
davidharris@example.org,"02615 Kevin Garden Suite 528, Johnsland, DE 19432",DarkSlateBlue,11.93,36.13,3.59,661.11
kristyjohnson@example.net,"38655 Rowland Gardens, Port Christinaborough, PR 70685",Violet,9.42,35.62,2.92,581.47
tanner82@example.net,"3042 Clark Common, Gibbsland, GA 67166",Violet,11.44,40.34,4.33,705.45
jonesraymond@example.net,"8725 Fox Orchard Suite 749, Littleshire, SD 05298",Crimson,12.31,38.85,2.95,630.45
xfox@example.com,"3634 Oneal Ports, Port Neil, OH 11610",Black,11.58,33.26,4.16,683.36
martinezlogan@example.org,"7853 Steven Road, Ronaldmouth, NE 54103",OliveDrab,11.35,33.05,5.03,694.62
howens@example.com,"4602 Hall Rue Apt. 514, Port Joshuabury, CT 16044",DarkGreen,12.91,39.09,3.14,668.61
nataliedeleon@example.net,"353 Wright Summit, Jamesberg, PR 99117",DarkSlateBlue,11.08,35.96,4.29,679.39
katrinaanderson@example.net,"44566 Thomas Passage Apt. 633, South Jesus, OR 72933",Violet,12.71,33.7,4.06,670.2
guerraapril@example.com,"1536 Clark Mission Apt. 529, West Sherry, AL 66010",Violet,10.67,39.09,5.75,765.01
fernandodonovan@example.org,"3666 Nguyen Brooks Apt. 225, Bairdborough, MO 08851",SaddleBrown,14.76,37.34,3.0,684.98
stacey84@example.org,"1597 Davis Cove, North Margaret, PA 64544",White,11.78,37.5,4.3,721.42
james84@example.org,"64334 Shawn Land, East Markchester, MO 21083",Black,11.68,38.62,1.87,554.28
christina18@example.net,"Unit 2867 Box 1632, DPO AE 41101",DarkGreen,13.14,34.38,3.0,658.21
brittanycarpenter@example.org,"99493 Hill Avenue Apt. 716, New Mark, OK 64851",Teal,11.58,33.74,3.85,657.46
megan90@example.org,"147 Graves Station, Peterburgh, MT 33155",DarkGreen,13.45,40.16,4.89,808.15
williamsdarlene@example.net,"6291 Hale Cape Apt. 248, Elizabethland, UT 95729",Turquoise,12.37,34.13,2.27,570.44
debra96@example.net,"6815 Karina Parkways, Robertburgh, KS 27681",Coral,11.88,34.56,4.29,691.84
jimenezcourtney@example.com,"17656 Randy Branch Suite 125, Washingtonland, CO 72384",Crimson,11.77,34.96,3.44,647.01
timothy64@example.com,"74220 Gregory Crossing Suite 210, Ericstad, HI 28900",SlateGray,13.21,41.16,1.98,610.97
barkereric@example.com,"0816 Wallace Rapid, North Kelseyborough, IA 49606",DarkSlateBlue,12.23,37.99,3.68,694.73
vmarshall@example.net,"PSC 3106, Box 0053, APO AP 88181",Orchid,12.43,38.93,5.21,747.74
larryhiggins@example.net,"220 Hunt Via, Marcusborough, RI 27648",SaddleBrown,12.54,37.39,2.38,641.89
theresa25@example.net,"USCGC Mcmillan, FPO AE 30963",White,12.13,35.8,3.39,662.91
floressteven@example.com,"2065 Paul Mount Apt. 149, Bradleyborough, MT 40023",Coral,12.52,38.26,2.51,614.91
gwright@example.org,"89241 Jarvis Square Suite 252, Tiffanyfort, CA 44423",Crimson,11.88,33.89,3.03,605.67
sonia96@example.org,"8389 Jesse Ridges Apt. 436, New Christopher, DC 49590",MediumSeaGreen,11.95,34.81,4.93,720.98
lisapeck@example.net,"63039 Stevenson Isle, West Lonnie, WY 05692",PaleVioletRed,10.88,38.47,3.23,638.34
james27@example.net,"403 Cooper Ford Apt. 339, Boydburgh, NV 83047",Tomato,12.3,34.29,4.9,751.4
tjimenez@example.com,"30232 Glenn Plaza Apt. 381, Hardyport, GA 95092",SlateGray,10.28,36.62,4.61,687.82
davisphillip@example.com,"93449 Faulkner Flats Suite 715, Grayfort, NV 55904",Teal,12.28,36.71,3.14,659.08
jasongomez@example.org,"70661 Larson Drives Apt. 467, Shawnfurt, OH 79933",Black,11.72,35.94,3.0,605.34
troy74@example.net,"73230 Michelle Stream Suite 766, Wallerstad, MS 64667",Tomato,12.37,33.1,2.6,577.96
booneryan@example.com,"0169 James Mews, Kelseystad, NY 93447",Tomato,10.95,35.74,2.57,604.08
kathryn50@example.com,"066 John Bypass Suite 024, Blackburnberg, KS 32930",White,9.88,35.35,3.85,639.42
hudsonjames@example.net,"11669 April Field, Martinchester, KS 91181",OliveDrab,11.65,37.32,3.48,674.36
charles87@example.net,"461 Daisy Trail Suite 243, Haletown, GA 64952",MediumSeaGreen,10.95,37.22,2.88,589.96
marcia99@example.org,"686 Quinn Extension, West Jacob, DC 26455",DarkSlateBlue,10.22,37.76,1.95,521.39
theresalong@example.com,"9323 Karen Valleys, West Tonya, VI 54082",Orchid,12.77,35.65,3.61,669.59
kari39@example.net,"214 Nicholas Harbor, West Anthonybury, NJ 64096",DarkSlateBlue,13.6,38.05,3.03,656.72
cporter@example.org,"04090 Jason Turnpike, South Carrieview, NM 62528",Goldenrod,11.2,33.89,3.3,627.36
jenniferbrock@example.net,"5553 Ortega Lane Apt. 551, South Monicafurt, VA 18702",Tomato,11.92,33.36,3.8,647.28
ghernandez@example.org,"435 Montgomery Shoals, Robertsonborough, AL 84134",SlateGray,11.69,32.33,1.0,462.81
sarah52@example.com,"USNV Smith, FPO AA 06498",Orchid,11.34,36.0,1.97,551.96
brittney88@example.net,"Unit 5739 Box 7691, DPO AA 56588",PaleVioletRed,12.66,35.49,5.8,784.18
terickson@example.com,"USCGC Hatfield, FPO AP 13667",OliveDrab,13.01,38.58,2.99,630.71
richardsonemily@example.com,"328 David Underpass Apt. 487, South Stephanie, NJ 87354",DarkGreen,11.13,35.7,0.98,487.09
laura09@example.com,"21160 Sarah Islands, Mirandabury, VA 34268",Orchid,12.04,37.55,2.05,550.39
tammy99@example.org,"287 Laura Isle, New Katie, PA 08977",Teal,13.28,38.63,5.98,854.52
silvageorge@example.net,"686 Jeffrey Crescent Suite 111, Joyborough, WA 15719",DarkSlateBlue,12.69,35.63,2.8,603.81
rhernandez@example.org,"6904 Brittany Field, Whitneymouth, WI 48345",MediumSeaGreen,12.84,37.6,4.66,715.67
armstrongjackie@example.org,"993 Randall Plain, Stewartport, MP 29193",Orchid,13.37,39.0,3.62,700.24
alexanderrobert@example.com,"94209 Parker Spurs Apt. 497, South Kelly, MS 08209",Orchid,13.35,34.52,3.02,647.79
roberthampton@example.com,"Unit 5233 Box 0276, DPO AA 86910",DeepPink,13.03,37.05,4.28,734.72
thorntonapril@example.net,"PSC 2086, Box 5675, APO AA 51758",Goldenrod,12.14,35.64,1.12,515.6
whitney78@example.com,"3861 Marcus Turnpike Apt. 472, South Heather, LA 19483",Teal,11.62,34.65,2.06,538.25
sue78@example.com,"059 Erika Walks, South Stephanie, NE 89557",Crimson,12.1,33.93,3.01,627.86
erica49@example.com,"57201 Watkins Drive, Sanchezville, IA 52490",Orchid,11.47,34.62,2.16,571.23
susanramirez@example.com,"617 Hill Shoal, Richardsonville, DE 11332",Tomato,10.05,37.12,2.92,568.62
shellyhendrix@example.com,"99974 Laura Falls, Washingtonchester, ME 75398",DarkGreen,11.72,33.78,4.35,686.81
hannahburns@example.com,"82606 Brown Villages Apt. 312, North Angela, AS 41696",MediumSeaGreen,12.36,35.9,3.63,665.45
ann44@example.org,"321 York Bypass, North Williamstad, ND 22993",Crimson,11.41,38.63,4.83,739.53
zhuang@example.com,"40848 Taylor Overpass, Alexandrastad, PA 71045",DarkGreen,11.81,37.9,3.7,669.28
kellyroberts@example.net,"030 Donald Walks, East Carrie, IL 78067",MediumSeaGreen,11.85,35.94,4.49,710.14
reedscott@example.com,"961 Green Run, South Stephen, KS 89174",PaleVioletRed,13.36,40.38,3.44,709.82
ilewis@example.com,"314 Jennifer Port, South Lorraine, MD 57337",Turquoise,11.64,40.79,2.91,619.62
derrick99@example.org,"41818 Jones Route, West Reginaview, FL 30092",DeepPink,13.36,37.05,4.98,787.29
brentstein@example.org,"3611 Alisha Wells, Briannafort, CT 69832",Crimson,9.29,32.06,2.79,555.62
briangutierrez@example.net,"491 George Terrace Suite 258, Woodsberg, KS 01745",FireBrick,13.35,38.77,3.84,740.96
xgarcia@example.org,"226 Brown Stream, Jasminebury, TX 80284",Goldenrod,13.3,32.41,4.27,676.99
oconnelltiffany@example.org,"75784 Cisneros Pike Apt. 414, Townsendland, SC 10917",OliveDrab,12.9,39.95,4.34,740.55
edelgado@example.com,"29014 Stokes Branch, Rhodesberg, NJ 65749",DarkSlateBlue,9.99,39.17,2.33,531.19
katelynmitchell@example.com,"0930 Park Summit, Johnhaven, TX 80349",DarkGreen,13.02,40.55,4.55,724.71
velezchristopher@example.net,"83215 Willie Center Suite 762, Taramouth, PW 89507",DeepPink,11.95,37.52,2.52,605.02
amandasharp@example.org,"4744 Aaron Roads, Robinsonport, SD 68072",Tomato,9.47,36.28,4.31,648.45
robertmonroe@example.org,"9705 Christina Isle, Michaeltown, MI 95191",Goldenrod,13.3,36.1,4.04,718.07
lfrench@example.net,"16731 Robert Oval Apt. 243, Fosterport, MN 56644",PaleVioletRed,13.44,35.91,4.32,739.83
nancy04@example.net,"77225 Smith Ways Apt. 134, East Ralphmouth, MH 04643",Teal,10.1,38.96,2.29,578.14
hebertmatthew@example.com,"4167 Marsh Station, West Karen, WI 52913",White,12.18,38.42,4.09,706.72
ismall@example.net,"11022 Porter Trafficway Apt. 056, South Timothyport, NM 11329",PaleVioletRed,13.39,37.24,4.59,797.96
znelson@example.org,"282 Juan Crescent, Virginiabury, TN 56751",Turquoise,13.23,35.56,3.69,693.58
francisco74@example.net,"892 Victoria Ramp, East David, MO 05529",OliveDrab,12.84,42.26,2.68,681.53
alexisrogers@example.com,"60931 Omar Pine, Isabelbury, IN 44564",DarkSlateBlue,9.35,38.82,4.42,636.37
gregorychase@example.com,"604 Joseph Harbors, Jenniferbury, MD 06734",Black,12.73,33.8,3.61,685.7
frobertson@example.com,"53474 Ryan Glen, Coxport, DE 13200",Black,11.78,35.97,1.83,547.3
lopezdonald@example.com,"5598 Allen Harbor, New Patrick, FM 14442",SlateGray,13.0,38.86,2.6,606.24
